{
  "images" : [
    {
      "filename" : "3.png",
      "idiom" : "mac",
      "scale" : "1x"
    },
    {
      "appearances" : [
        {
          "appearance" : "luminosity",
          "value" : "dark"
        }
      ],
      "filename" : "3 1.png",
      "idiom" : "mac",
      "scale" : "1x"
    },
    {
      "idiom" : "mac",
      "scale" : "2x"
    },
    {
      "appearances" : [
        {
          "appearance" : "luminosity",
          "value" : "dark"
        }
      ],
      "idiom" : "mac",
      "scale" : "2x"
    }
  ],
  "info" : {
    "author" : "xcode",
    "version" : 1
  }
}
