{
  "images" : [
    {
      "filename" : "launch-screen-light.svg",
      "idiom" : "universal"
    },
    {
      "appearances" : [
        {
          "appearance" : "luminosity",
          "value" : "dark"
        }
      ],
      "filename" : "launch-screen-dark.svg",
      "idiom" : "universal"
    },
    {
      "filename" : "launch-screen-landscape-light.svg",
      "height-class" : "compact",
      "idiom" : "universal"
    },
    {
      "appearances" : [
        {
          "appearance" : "luminosity",
          "value" : "dark"
        }
      ],
      "filename" : "launch-screen-landscape-dark.svg",
      "height-class" : "compact",
      "idiom" : "universal"
    }
  ],
  "info" : {
    "author" : "xcode",
    "version" : 1
  }
}
